thread_id,title,created_at,num_comments,points,year,month
2396027,Ask HN: Who is Hiring? (April 2011),2011-04-01 13:11:26,295,285,2011,4
2503204,Ask HN: Who is Hiring? (May 2011),2011-05-01 15:54:54,291,324,2011,5
2607052,Ask HN: Who is Hiring? (June 2011),2011-06-01 13:00:55,327,326,2011,6
2831646,Ask HN: Who is Hiring? (August 2011),2011-08-01 11:52:07,306,282,2011,8
2949787,Ask HN: Who is Hiring? (September 2011),2011-09-01 12:55:49,232,249,2011,9
3060221,Ask HN: Who is Hiring? (October 2011),2011-10-01 15:45:52,273,238,2011,10
3181796,Ask HN: Who is Hiring? (November 2011),2011-11-01 13:10:48,294,310,2011,11
3300371,Ask HN: Who is Hiring? (December 2011),2011-12-01 16:57:50,4,14,2011,12
3412900,Ask HN: Who is Hiring? (January 2012),2012-01-01 12:09:44,223,262,2012,1
3537881,Ask HN: Who is Hiring? (February 2012),2012-02-01 13:50:32,230,270,2012,2
3652041,Ask HN: Who is Hiring? (March 2012),2012-03-01 13:56:48,294,269,2012,3
3783657,Ask HN: Who is Hiring? (April 2012),2012-04-01 13:47:18,223,264,2012,4
3913997,Ask HN: Who Is Hiring? (May 2012),2012-05-01 12:37:50,269,243,2012,5
4053076,Ask HN: Who Is Hiring? (June 2012),2012-06-01 12:47:00,254,294,2012,6
4184755,Ask HN: Who Is Hiring? (July 2012),2012-07-01 14:11:04,244,181,2012,7
4323597,Ask HN: Who Is Hiring? (August 2012),2012-08-01 15:56:22,291,276,2012,8
4463689,Ask HN: Who Is Hiring? (September 2012),2012-09-01 14:04:41,299,393,2012,9
4596375,Ask HN: Who Is Hiring? (October 2012) ,2012-10-01 11:45:09,294,256,2012,10
4727241,Ask HN: Who Is Hiring? (November 2012),2012-11-01 13:04:51,261,222,2012,11
4857714,Ask HN: Who is hiring? (December 2012) ,2012-12-01 14:37:05,284,227,2012,12
4992617,Ask HN: Who is hiring? (January 2013),2013-01-01 14:28:56,254,245,2013,1
5150834,Ask HN: Who is hiring? (February 2013),2013-02-01 14:32:14,256,223,2013,2
5304169,Ask HN: Who is hiring? (March 2013),2013-03-01 13:51:16,360,286,2013,3
5472746,Ask HN: Who is hiring? (April 2013),2013-04-01 13:02:22,420,320,2013,4
5637663,Ask HN: Who is hiring? (May 2013),2013-05-01 13:17:08,437,327,2013,5
5803764,Ask HN: Who is hiring? (June 2013),2013-06-01 12:58:58,362,249,2013,6
5970187,Ask HN: Who is hiring? (July 2013),2013-07-01 12:43:19,367,309,2013,7
6139927,Ask HN: Who is hiring? (August 2013),2013-08-01 13:02:35,385,279,2013,8
6310234,Ask HN: Who is hiring? (September 2013),2013-09-01 13:21:20,374,304,2013,9
6475879,Ask HN: Who is hiring? (October 2013),2013-10-01 13:21:02,561,399,2013,10
6653437,Ask HN: Who is hiring? (November 2013),2013-11-01 13:18:22,389,240,2013,11
6827554,Ask HN: Who is hiring? (December 2013),2013-12-01 15:21:51,321,286,2013,12
6995020,Ask HN: Who is hiring? (January 2014),2014-01-01 14:18:19,287,241,2014,1
7162197,Ask HN: Who is hiring? (February 2014),2014-02-01 17:11:57,381,299,2014,2
7324236,Ask HN: Who is hiring? (March 2014),2014-03-01 14:11:20,429,311,2014,3
7507765,Ask HN: Who is hiring? (April 2014),2014-04-01 13:08:47,527,337,2014,4
7679431,Ask HN: Who is hiring? (May 2014),2014-05-01 13:02:41,491,336,2014,5
7829042,Ask HN: Who is hiring? (June 2014),2014-06-01 13:16:32,422,314,2014,6
7970366,Ask HN: Who is hiring? (July 2014),2014-07-01 13:10:47,492,304,2014,7
8120070,Ask HN: Who is hiring? (August 2014),2014-08-01 14:44:51,584,449,2014,8
8252715,Ask HN: Who is hiring? (September 2014),2014-09-01 13:32:54,324,224,2014,9
8394339,Ask HN: Who is hiring? (October 2014),2014-10-01 14:03:04,424,275,2014,10
8542892,Ask HN: Who is hiring? (November 2014),2014-11-01 13:06:13,419,324,2014,11
8681040,Ask HN: Who is hiring? (December 2014),2014-12-01 14:20:15,565,335,2014,12
8822808,Ask HN: Who is hiring? (January 2015),2015-01-01 13:01:59,330,240,2015,1
8980047,Ask HN: Who is hiring? (February 2015),2015-02-01 15:03:27,637,461,2015,2
9127232,Ask HN: Who is hiring? (March 2015),2015-03-01 15:04:12,677,413,2015,3
9639001,Ask HN: Who is hiring? (June 2015),2015-06-01 14:55:02,777,429,2015,6
9812245,Ask HN: Who is hiring? (July 2015),2015-07-01 15:02:02,1086,673,2015,7
9996333,Ask HN: Who is hiring? (August 2015),2015-08-03 15:00:37,969,504,2015,8
10152809,Ask HN: Who is hiring? (September 2015),2015-09-01 15:08:36,864,436,2015,9
10311580,Ask HN: Who is hiring? (October 2015),2015-10-01 15:00:34,698,368,2015,10
10492086,Ask HN: Who is hiring? (November 2015),2015-11-02 15:01:17,880,512,2015,11
10655740,Ask HN: Who is hiring? (December 2015),2015-12-01 15:00:21,427,260,2015,12
10822019,Ask HN: Who is hiring? (January 2016),2016-01-01 15:01:27,469,347,2016,1
11012044,Ask HN: Who is hiring? (February 2016),2016-02-01 15:01:03,787,455,2016,2
11202954,Ask HN: Who is hiring? (March 2016),2016-03-01 15:00:48,814,488,2016,3
11405239,Ask HN: Who is hiring? (April 2016),2016-04-01 15:01:14,713,427,2016,4
11611867,Ask HN: Who is hiring? (May 2016),2016-05-02 15:01:54,936,553,2016,5
11814828,Ask HN: Who is hiring? (June 2016),2016-06-01 15:01:03,1002,644,2016,6
12016568,Ask HN: Who is hiring? (July 2016),2016-07-01 15:01:21,894,566,2016,7
12202865,Ask HN: Who is hiring? (August 2016),2016-08-01 15:01:56,941,534,2016,8
12405698,Ask HN: Who is hiring? (September 2016),2016-09-01 15:00:07,906,521,2016,9
12627852,Ask HN: Who is hiring? (October 2016),2016-10-03 15:01:37,977,620,2016,10
12846216,Ask HN: Who is hiring? (November 2016),2016-11-01 15:04:46,1130,711,2016,11
13080280,Ask HN: Who is hiring? (December 2016),2016-12-01 16:01:37,828,458,2016,12
13301832,Ask HN: Who is hiring? (January 2017),2017-01-02 16:01:01,930,612,2017,1
13541679,Ask HN: Who is hiring? (February 2017),2017-02-01 16:00:39,1222,690,2017,2
13764728,Ask HN: Who is hiring? (March 2017),2017-03-01 16:00:10,1052,478,2017,3
14023198,Ask HN: Who is hiring? (April 2017),2017-04-03 15:01:06,940,513,2017,4
14238005,Ask HN: Who is hiring? (May 2017),2017-05-01 15:00:11,1078,589,2017,5
14460777,Ask HN: Who is hiring? (June 2017),2017-06-01 15:00:34,986,461,2017,6
14688684,Ask HN: Who is hiring? (July 2017),2017-07-03 15:00:43,969,635,2017,7
14901313,Ask HN: Who is hiring? (August 2017),2017-08-01 15:00:22,941,439,2017,8
15148885,Ask HN: Who is hiring? (September 2017),2017-09-01 15:01:54,965,573,2017,9
15384262,Ask HN: Who is hiring? (October 2017),2017-10-02 15:00:14,1122,678,2017,10
15601729,Ask HN: Who is hiring? (November 2017),2017-11-01 15:01:13,1180,624,2017,11
15824597,Ask HN: Who is hiring? (December 2017),2017-12-01 16:01:11,982,592,2017,12
16052538,Ask HN: Who is hiring? (January 2018),2018-01-02 15:55:08,893,513,2018,1
16282819,Ask HN: Who is hiring? (February 2018),2018-02-01 16:01:34,1050,454,2018,2
16492994,Ask HN: Who is hiring? (March 2018),2018-03-01 16:00:58,1174,592,2018,3
16735011,Ask HN: Who is hiring? (April 2018),2018-04-02 15:01:28,1070,612,2018,4
16967543,Ask HN: Who is hiring? (May 2018),2018-05-01 15:02:12,1178,587,2018,5
17205865,Ask HN: Who is hiring? (June 2018),2018-06-01 15:01:12,896,450,2018,6
17442187,Ask HN: Who is hiring? (July 2018),2018-07-02 15:01:52,842,425,2018,7
17663077,Ask HN: Who is hiring? (August 2018),2018-08-01 15:01:53,1012,448,2018,8
17902901,Ask HN: Who is hiring? (September 2018),2018-09-03 15:01:03,906,486,2018,9
18113144,Ask HN: Who is hiring? (October 2018),2018-10-01 15:02:10,1087,542,2018,10
18354503,Ask HN: Who is hiring? (November 2018),2018-11-01 15:00:48,1033,539,2018,11
18589702,Ask HN: Who is hiring? (December 2018),2018-12-03 16:00:14,927,421,2018,12
18807017,Ask HN: Who is hiring? (January 2019),2019-01-02 16:01:50,951,587,2019,1
19055166,Ask HN: Who is hiring? (February 2019),2019-02-01 16:01:53,828,407,2019,2
19281834,Ask HN: Who is hiring? (March 2019),2019-03-01 16:00:51,864,398,2019,3
19543940,Ask HN: Who is hiring? (April 2019),2019-04-01 15:01:56,858,400,2019,4
19797594,Ask HN: Who is hiring? (May 2019),2019-05-01 15:01:31,1007,488,2019,5
20083795,Ask HN: Who is hiring? (June 2019),2019-06-03 15:00:16,787,407,2019,6
20325925,Ask HN: Who is hiring? (July 2019),2019-07-01 15:00:06,891,485,2019,7
20584311,Ask HN: Who is hiring? (August 2019),2019-08-01 15:00:25,843,370,2019,8
20867123,Ask HN: Who is hiring? (September 2019),2019-09-03 15:01:29,703,326,2019,9
21126014,Ask HN: Who is hiring? (October 2019),2019-10-01 15:00:18,891,380,2019,10
21419536,Ask HN: Who is hiring? (November 2019),2019-11-01 15:02:02,732,402,2019,11
21683554,Ask HN: Who is hiring? (December 2019),2019-12-02 16:00:51,666,295,2019,12
21936440,Ask HN: Who is hiring? (January 2020),2020-01-02 16:00:33,694,403,2020,1
22225314,Ask HN: Who is hiring? (February 2020),2020-02-03 16:02:10,673,349,2020,2
22465476,Ask HN: Who is hiring? (March 2020),2020-03-02 16:00:34,769,400,2020,3
22749308,Ask HN: Who is hiring? (April 2020),2020-04-01 15:00:30,597,413,2020,4
23042618,Ask HN: Who is hiring? (May 2020),2020-05-01 15:01:30,684,549,2020,5
23379196,Ask HN: Who is hiring? (June 2020),2020-06-01 15:01:03,655,515,2020,6
23702122,Ask HN: Who is hiring? (July 2020),2020-07-01 15:01:50,676,422,2020,7
24038520,Ask HN: Who is hiring? (August 2020),2020-08-03 15:00:55,825,592,2020,8
24342498,Ask HN: Who is hiring? (September 2020),2020-09-01 15:01:14,696,368,2020,9
24651639,Ask HN: Who is hiring? (October 2020),2020-10-01 15:01:00,807,426,2020,10
24969524,Ask HN: Who is hiring? (November 2020),2020-11-02 16:01:52,802,348,2020,11
25266288,Ask HN: Who is hiring? (December 2020),2020-12-01 16:00:31,759,339,2020,12
25632982,Ask HN: Who is hiring? (January 2021),2021-01-04 16:00:34,839,407,2021,1
25989764,Ask HN: Who is hiring? (February 2021),2021-02-01 16:01:05,1043,461,2021,2
26304051,Ask HN: Who is hiring? (March 2021),2021-03-01 16:01:54,959,361,2021,3
26661443,Ask HN: Who is hiring? (April 2021),2021-04-01 15:13:35,964,416,2021,4
27025922,Ask HN: Who is hiring? (May 2021),2021-05-03 15:01:19,913,328,2021,5
27355392,Ask HN: Who is hiring? (June 2021),2021-06-01 15:01:25,1029,365,2021,6
27699704,Ask HN: Who is hiring? (July 2021),2021-07-01 15:01:17,976,399,2021,7
28037366,Ask HN: Who is hiring? (August 2021),2021-08-02 15:01:22,895,357,2021,8
28380661,Ask HN: Who is hiring? (September 2021),2021-09-01 15:00:46,955,355,2021,9
28719320,Ask HN: Who is hiring? (October 2021),2021-10-01 15:01:00,837,375,2021,10
29067493,Ask HN: Who is hiring? (November 2021),2021-11-01 15:01:34,1007,383,2021,11
29405056,Ask HN: Who is hiring? (December 2021),2021-12-01 16:00:58,813,304,2021,12
29782099,Ask HN: Who is hiring? (January 2022),2022-01-03 16:02:14,757,339,2022,1
30164271,Ask HN: Who is hiring? (February 2022),2022-02-01 16:01:55,870,269,2022,2
30515750,Ask HN: Who is hiring? (March 2022),2022-03-01 16:01:56,854,327,2022,3
30878761,Ask HN: Who is hiring? (April 2022),2022-04-01 15:02:05,786,264,2022,4
31235968,Ask HN: Who is hiring? (May 2022),2022-05-02 15:01:38,830,390,2022,5
31582796,Ask HN: Who is hiring? (June 2022),2022-06-01 15:01:51,841,390,2022,6
31947297,Ask HN: Who is hiring? (July 2022),2022-07-01 15:00:14,605,328,2022,7
32306920,Ask HN: Who is hiring? (August 2022),2022-08-01 15:01:33,745,446,2022,8
32677265,Ask HN: Who is hiring? (September 2022),2022-09-01 15:00:16,609,353,2022,9
33068421,Ask HN: Who is hiring? (October 2022),2022-10-03 15:00:29,551,303,2022,10
33422129,Ask HN: Who is hiring? (November 2022),2022-11-01 15:00:43,627,300,2022,11
33818037,Ask HN: Who is hiring? (December 2022),2022-12-01 16:00:59,563,423,2022,12
34219335,Ask HN: Who is hiring? (January 2023),2023-01-02 16:01:16,523,456,2023,1
34612353,Ask HN: Who is hiring? (February 2023),2023-02-01 16:01:24,582,434,2023,2
34983767,Ask HN: Who is hiring? (March 2023),2023-03-01 16:01:15,629,440,2023,3
35424807,Ask HN: Who is hiring? (April 2023),2023-04-03 15:02:02,574,418,2023,4
35773707,Ask HN: Who is hiring? (May 2023),2023-05-01 15:00:07,499,370,2023,5
36152014,Ask HN: Who is hiring? (June 2023),2023-06-01 15:01:48,528,394,2023,6
36573871,Ask HN: Who is hiring? (July 2023),2023-07-03 15:00:52,444,421,2023,7
36956867,Ask HN: Who is hiring? (August 2023),2023-08-01 15:02:08,529,479,2023,8
37351667,Ask HN: Who is hiring? (September 2023),2023-09-01 15:00:25,494,397,2023,9
37739028,Ask HN: Who is hiring? (October 2023),2023-10-02 15:02:08,639,475,2023,10
38099086,Ask HN: Who is hiring? (November 2023),2023-11-01 15:00:43,596,494,2023,11
38490811,Ask HN: Who is hiring? (December 2023),2023-12-01 19:07:02,503,502,2023,12
38842977,Ask HN: Who is hiring? (January 2024),2024-01-02 16:01:18,481,405,2024,1
39217310,Ask HN: Who is hiring? (February 2024),2024-02-01 16:00:08,536,418,2024,2
39562986,Ask HN: Who is hiring? (March 2024),2024-03-01 16:00:03,483,368,2024,3
39894820,Ask HN: Who is hiring? (April 2024),2024-04-01 15:00:56,485,377,2024,4
40224213,Ask HN: Who is hiring? (May 2024),2024-05-01 15:00:54,731,549,2024,5
40563283,Ask HN: Who is hiring? (June 2024),2024-06-03 15:01:54,549,391,2024,6
40846428,Ask HN: Who is hiring? (July 2024),2024-07-01 15:01:49,604,496,2024,7
41129813,Ask HN: Who is hiring? (August 2024),2024-08-01 15:00:34,464,383,2024,8
41425910,Ask HN: Who is hiring? (September 2024),2024-09-02 15:00:06,483,437,2024,9
41709301,Ask HN: Who is hiring? (October 2024),2024-10-01 15:00:16,481,363,2024,10
42017580,Ask HN: Who is hiring? (November 2024),2024-11-01 15:01:57,493,379,2024,11
42297424,Ask HN: Who is hiring? (December 2024),2024-12-02 16:00:52,471,386,2024,12
42575537,Ask HN: Who is hiring? (January 2025),2025-01-02 16:00:09,481,335,2025,1
42919502,Ask HN: Who is hiring? (February 2025),2025-02-03 16:00:43,616,490,2025,2
43243024,Ask HN: Who is hiring? (March 2025),2025-03-03 16:01:41,516,391,2025,3
43547611,Ask HN: Who is hiring? (April 2025),2025-04-01 15:01:11,492,279,2025,4
43858554,Ask HN: Who is hiring? (May 2025),2025-05-01 15:00:46,434,263,2025,5
44159528,Ask HN: Who is hiring? (June 2025),2025-06-02 15:01:18,525,370,2025,6
44434576,Ask HN: Who is hiring? (July 2025),2025-07-01 15:01:36,455,273,2025,7
44757794,Ask HN: Who is hiring? (August 2025),2025-08-01 15:00:05,447,242,2025,8
45093192,Ask HN: Who is hiring? (September 2025),2025-09-01 15:01:02,443,267,2025,9
45438503,Ask HN: Who is hiring? (October 2025),2025-10-01 15:01:06,465,247,2025,10
45800465,Ask HN: Who is hiring? (November 2025),2025-11-03 16:00:00,581,401,2025,11
46108941,Ask HN: Who is hiring? (December 2025),2025-12-01 16:01:26,546,316,2025,12
46466074,Ask HN: Who is hiring? (January 2026),2026-01-02 16:00:42,403,360,2026,1
46857488,Ask HN: Who is hiring? (February 2026),2026-02-02 16:01:30,594,317,2026,2
47219668,Ask HN: Who is hiring? (March 2026),2026-03-02 16:00:27,466,251,2026,3
47601859,Ask HN: Who is hiring? (April 2026),2026-04-01 15:01:36,462,280,2026,4
47975571,Ask HN: Who is hiring? (May 2026),2026-05-01 15:00:07,548,311,2026,5
48357725,Ask HN: Who is hiring? (June 2026),2026-06-01 15:00:48,495,242,2026,6
48747976,Ask HN: Who is hiring? (July 2026),2026-07-01 15:01:21,424,247,2026,7
49156683,Ask HN: Who is hiring? (August 2026),2026-08-03 15:00:54,380,237,2026,8
49522897,Ask HN: Who is hiring? (September 2026),2026-09-01 15:01:17,398,254,2026,9
