thread_id,year,month,total_comments,top_level_comments
2396027,2011,4,295,218
2503204,2011,5,291,216
2607052,2011,6,327,254
2831646,2011,8,306,229
2949787,2011,9,232,190
3060221,2011,10,273,195
3181796,2011,11,294,230
3300371,2011,12,4,1
3412900,2012,1,223,148
3537881,2012,2,230,201
3652041,2012,3,294,248
3783657,2012,4,223,201
3913997,2012,5,269,230
4053076,2012,6,254,226
4184755,2012,7,244,189
4323597,2012,8,291,244
4463689,2012,9,299,212
4596375,2012,10,294,247
4727241,2012,11,261,219
4857714,2012,12,284,229
4992617,2013,1,254,191
5150834,2013,2,256,217
5304169,2013,3,360,289
5472746,2013,4,420,343
5637663,2013,5,437,318
5803764,2013,6,362,261
5970187,2013,7,367,288
6139927,2013,8,385,306
6310234,2013,9,374,238
6475879,2013,10,561,423
6653437,2013,11,389,296
6827554,2013,12,321,262
6995020,2014,1,287,222
7162197,2014,2,381,328
7324236,2014,3,429,336
7507765,2014,4,527,353
7679431,2014,5,491,407
7829042,2014,6,422,343
7970366,2014,7,492,418
8120070,2014,8,584,478
8252715,2014,9,324,279
8394339,2014,10,424,351
8542892,2014,11,419,340
8681040,2014,12,565,463
8822808,2015,1,330,271
8980047,2015,2,637,493
9127232,2015,3,677,505
9639001,2015,6,777,586
9812245,2015,7,1086,835
9996333,2015,8,969,785
10152809,2015,9,865,699
10311580,2015,10,698,620
10492086,2015,11,880,701
10655740,2015,12,427,358
10822019,2016,1,469,372
11012044,2016,2,794,648
11202954,2016,3,814,665
11405239,2016,4,713,593
11611867,2016,5,936,666
11814828,2016,6,1002,772
12016568,2016,7,894,686
12202865,2016,8,941,736
12405698,2016,9,906,642
12627852,2016,10,977,784
12846216,2016,11,1130,838
13080280,2016,12,828,633
13301832,2017,1,930,614
13541679,2017,2,1222,940
13764728,2017,3,1053,785
14023198,2017,4,941,711
14238005,2017,5,1079,829
14460777,2017,6,986,730
14688684,2017,7,970,756
14901313,2017,8,941,722
15148885,2017,9,965,779
15384262,2017,10,1122,883
15601729,2017,11,1180,902
15824597,2017,12,982,775
16052538,2018,1,894,663
16282819,2018,2,1050,787
16492994,2018,3,1174,865
16735011,2018,4,1071,839
16967543,2018,5,1179,971
17205865,2018,6,897,761
17442187,2018,7,844,733
17663077,2018,8,1013,867
17902901,2018,9,906,691
18113144,2018,10,1089,894
18354503,2018,11,1034,860
18589702,2018,12,928,756
18807017,2019,1,951,765
19055166,2019,2,828,692
19281834,2019,3,865,747
19543940,2019,4,858,740
19797594,2019,5,1007,816
20083795,2019,6,787,660
20325925,2019,7,892,757
20584311,2019,8,845,727
20867123,2019,9,703,607
21126014,2019,10,891,718
21419536,2019,11,732,626
21683554,2019,12,667,584
21936440,2020,1,694,574
22225314,2020,2,673,579
22465476,2020,3,769,644
22749308,2020,4,598,457
23042618,2020,5,684,499
23379196,2020,6,657,506
23702122,2020,7,677,538
24038520,2020,8,825,641
24342498,2020,9,696,600
24651639,2020,10,808,710
24969524,2020,11,802,692
25266288,2020,12,759,685
25632982,2021,1,839,703
25989764,2021,2,1043,937
26304051,2021,3,959,903
26661443,2021,4,965,876
27025922,2021,5,915,843
27355392,2021,6,1030,966
27699704,2021,7,976,877
28037366,2021,8,895,833
28380661,2021,9,955,897
28719320,2021,10,837,770
29067493,2021,11,1007,942
29405056,2021,12,813,738
29782099,2022,1,757,661
30164271,2022,2,871,800
30515750,2022,3,854,784
30878761,2022,4,786,743
31235968,2022,5,830,756
31582796,2022,6,841,723
31947297,2022,7,605,523
32306920,2022,8,745,631
32677265,2022,9,609,503
33068421,2022,10,551,456
33422129,2022,11,627,524
33818037,2022,12,563,481
34219335,2023,1,523,364
34612353,2023,2,583,436
34983767,2023,3,629,406
35424807,2023,4,574,353
35773707,2023,5,499,342
36152014,2023,6,528,331
36573871,2023,7,444,306
36956867,2023,8,529,344
37351667,2023,9,494,296
37739028,2023,10,639,321
38099086,2023,11,596,362
38490811,2023,12,503,314
38842977,2024,1,483,278
39217310,2024,2,536,341
39562986,2024,3,483,300
39894820,2024,4,485,291
40224213,2024,5,731,398
40563283,2024,6,549,340
40846428,2024,7,604,380
41129813,2024,8,464,323
41425910,2024,9,483,303
41709301,2024,10,481,330
42017580,2024,11,493,318
42297424,2024,12,471,330
42575537,2025,1,481,276
42919502,2025,2,616,396
43243024,2025,3,516,354
43547611,2025,4,492,307
43858554,2025,5,434,301
44159528,2025,6,525,359
44434576,2025,7,455,333
44757794,2025,8,447,307
45093192,2025,9,443,299
45438503,2025,10,465,341
45800465,2025,11,581,393
46108941,2025,12,546,379
46466074,2026,1,403,257
46857488,2026,2,594,412
47219668,2026,3,466,321
47601859,2026,4,462,333
47975571,2026,5,548,323
48357725,2026,6,495,318
48747976,2026,7,424,264
49156683,2026,8,380,234
49522897,2026,9,399,263
